{
  "version": 1,
  "author": "Anonymous maker",
  "editor": "wokwi",
  "parts": [
    { "type": "wokwi-esp32-devkit-v1", "id": "esp", "top": 0, "left": 0, "attrs": {} },
    {
      "type": "wokwi-led",
      "id": "led1",
      "top": -24.4,
      "left": 161.27,
      "attrs": { "color": "red" }
    },
    {
      "type": "wokwi-resistor",
      "id": "r2",
      "top": 86.49,
      "left": 166.26,
      "rotate": 90,
      "attrs": { "value": "220" }
    }
  ],
  "connections": [
    [ "esp:TX0", "$serialMonitor:RX", "", [] ],
    [ "esp:RX0", "$serialMonitor:TX", "", [] ],
    [ "led1:C", "esp:GND.1", "green", [ "v116.8", "h-61.77" ] ],
    [ "led1:A", "r2:1", "green", [ "v0" ] ],
    [ "r2:2", "esp:D2", "green", [ "h0" ] ]
  ],
  "dependencies": {}
}